{
  "last_run": "2026-02-07T22:05:40.403752",
  "results": {
    "Website Monitor": true,
    "City Pages": true,
    "AI Images": true,
    "Style Consistency": true
  },
  "elapsed_time": 0.06499791145324707,
  "all_passed": true,
  "timestamp": 1770530740.403757
}